{
  "accuracy": 0.9217105263157894,
  "macro_f1": 0.9215991360871747
}