{
  "accuracy": 0.9426315789473684,
  "macro_f1": 0.9426459751422087
}