{
  "accuracy": 0.9265789473684211,
  "macro_f1": 0.9264974504029732
}